episode,score,moving_avg_100,epsilon,loss,elapsed_s
1,1.0,1.0,0.995,nan,2.7
2,0.0,0.5,0.99,nan,4.5
3,1.0,0.667,0.9851,nan,6.3
4,1.0,0.75,0.9801,0.001,8.5
5,0.0,0.6,0.9752,0.00102,10.9
6,-2.0,0.167,0.9704,0.01566,13.2
7,0.0,0.143,0.9655,0.00054,15.5
8,1.0,0.25,0.9607,0.00065,17.9
9,0.0,0.222,0.9559,0.004,20.3
10,-2.0,0.0,0.9511,0.00116,22.8
11,0.0,0.0,0.9464,0.00847,25.3
12,2.0,0.167,0.9416,0.00091,27.9
13,0.0,0.154,0.9369,0.00087,30.5
14,0.0,0.143,0.9322,0.01466,33.0
15,-1.0,0.067,0.9276,0.00043,35.5
16,2.0,0.188,0.9229,0.00039,38.3
17,-1.0,0.118,0.9183,0.00802,41.0
18,0.0,0.111,0.9137,0.00066,43.5
19,-1.0,0.053,0.9092,0.00102,46.0
20,-1.0,0.0,0.9046,0.00107,48.6
21,3.0,0.143,0.9001,0.00312,51.0
22,1.0,0.182,0.8956,0.00093,53.7
23,1.0,0.217,0.8911,0.00044,56.3
24,-1.0,0.167,0.8867,0.00093,58.7
25,2.0,0.24,0.8822,0.0081,61.1
26,0.0,0.231,0.8778,0.00087,63.6
27,-2.0,0.148,0.8734,0.00126,65.9
28,1.0,0.179,0.8691,0.00047,68.4
29,0.0,0.172,0.8647,0.00074,70.7
30,-2.0,0.1,0.8604,0.00188,73.1
31,2.0,0.161,0.8561,0.00075,75.4
32,-1.0,0.125,0.8518,0.00069,77.6
33,-3.0,0.03,0.8475,0.00101,80.1
34,3.0,0.118,0.8433,0.00921,82.5
35,1.0,0.143,0.8391,0.00139,85.0
36,0.0,0.139,0.8349,0.00069,87.4
37,0.0,0.135,0.8307,0.00431,89.7
38,-1.0,0.105,0.8266,0.00124,92.0
39,-1.0,0.077,0.8224,0.00057,94.4
40,1.0,0.1,0.8183,0.00082,96.8
41,0.0,0.098,0.8142,0.00522,99.1
42,0.0,0.095,0.8102,0.00066,101.3
43,0.0,0.093,0.8061,0.00174,103.7
44,2.0,0.136,0.8021,0.00168,106.1
45,-1.0,0.111,0.7981,0.0005,108.5
46,0.0,0.109,0.7941,0.00761,110.8
47,0.0,0.106,0.7901,0.00123,113.2
48,1.0,0.125,0.7862,0.00062,115.6
49,-1.0,0.102,0.7822,0.00278,118.0
50,0.0,0.1,0.7783,0.01325,120.3
51,1.0,0.118,0.7744,0.0066,122.6
52,0.0,0.115,0.7705,0.01538,124.9
53,1.0,0.132,0.7667,0.00913,127.3
54,-2.0,0.093,0.7629,0.0024,129.6
55,0.0,0.091,0.759,0.00629,132.2
56,0.0,0.089,0.7553,0.00039,134.8
57,0.0,0.088,0.7515,0.00145,137.3
58,0.0,0.086,0.7477,0.00098,140.1
59,0.0,0.085,0.744,0.00096,142.5
60,-3.0,0.033,0.7403,0.00103,145.0
61,-2.0,0.0,0.7366,0.00061,147.4
62,0.0,0.0,0.7329,0.01089,149.7
63,-1.0,-0.016,0.7292,0.00068,152.1
64,-1.0,-0.031,0.7256,0.00379,154.5
65,2.0,0.0,0.7219,0.00154,156.8
66,2.0,0.03,0.7183,0.00126,159.4
67,2.0,0.06,0.7147,0.00083,161.7
68,1.0,0.074,0.7112,0.00091,164.0
69,0.0,0.072,0.7076,0.00186,166.3
70,1.0,0.086,0.7041,0.00832,168.5
71,0.0,0.085,0.7005,0.00085,170.9
72,4.0,0.139,0.697,0.00048,173.4
73,1.0,0.151,0.6936,0.00167,175.7
74,1.0,0.162,0.6901,0.00075,178.0
75,3.0,0.2,0.6866,0.00065,180.3
76,1.0,0.211,0.6832,0.00159,182.7
77,0.0,0.208,0.6798,0.00691,185.2
78,-1.0,0.192,0.6764,0.00106,187.5
79,1.0,0.203,0.673,0.00086,190.0
80,1.0,0.212,0.6696,0.00464,192.2
81,1.0,0.222,0.6663,0.01333,194.5
82,3.0,0.256,0.663,0.00191,196.8
83,2.0,0.277,0.6597,0.0068,199.2
84,2.0,0.298,0.6564,0.0017,201.5
85,3.0,0.329,0.6531,0.00248,204.0
86,2.0,0.349,0.6498,0.01104,206.4
87,0.0,0.345,0.6466,0.00062,208.7
88,0.0,0.341,0.6433,0.00277,211.0
89,3.0,0.371,0.6401,0.00284,213.8
90,2.0,0.389,0.6369,0.00066,216.4
91,3.0,0.418,0.6337,0.00076,218.9
92,3.0,0.446,0.6306,0.00048,221.4
93,0.0,0.441,0.6274,0.00064,223.7
94,3.0,0.468,0.6243,0.00253,226.2
95,1.0,0.474,0.6211,0.0064,228.5
96,2.0,0.49,0.618,0.00695,230.9
97,0.0,0.485,0.6149,0.00193,233.6
98,3.0,0.51,0.6119,0.00143,236.0
99,2.0,0.525,0.6088,0.00136,238.8
100,2.0,0.54,0.6058,0.00534,241.4
101,5.0,0.58,0.6027,0.00133,244.0
102,1.0,0.59,0.5997,0.00802,246.4
103,-1.0,0.57,0.5967,0.00124,248.9
104,1.0,0.57,0.5937,0.00397,251.4
105,0.0,0.57,0.5908,0.00967,253.8
106,0.0,0.59,0.5878,0.00103,256.2
107,4.0,0.63,0.5849,0.00185,258.6
108,2.0,0.64,0.582,0.00614,261.2
109,5.0,0.69,0.579,0.00063,263.8
110,1.0,0.72,0.5762,0.004,266.3
111,1.0,0.73,0.5733,0.00786,268.7
112,2.0,0.73,0.5704,0.00677,271.1
113,1.0,0.74,0.5676,0.00346,273.5
114,-1.0,0.73,0.5647,0.00514,276.0
115,-1.0,0.73,0.5619,0.00264,278.4
116,6.0,0.77,0.5591,0.00257,280.8
117,4.0,0.82,0.5563,0.00065,283.2
118,5.0,0.87,0.5535,0.00114,285.6
119,3.0,0.91,0.5507,0.01009,288.6
120,2.0,0.94,0.548,0.00125,291.3
121,3.0,0.94,0.5452,0.00125,293.8
122,2.0,0.95,0.5425,0.00076,296.3
123,4.0,0.98,0.5398,0.0011,298.6
124,9.0,1.08,0.5371,0.00965,301.0
125,-1.0,1.05,0.5344,0.00873,303.4
126,2.0,1.07,0.5318,0.01195,305.8
127,1.0,1.1,0.5291,0.00245,308.2
128,-2.0,1.07,0.5264,0.01145,310.6
129,1.0,1.08,0.5238,0.00856,312.9
130,2.0,1.12,0.5212,0.00334,315.2
131,4.0,1.14,0.5186,0.00185,317.8
132,5.0,1.2,0.516,0.00237,320.4
133,5.0,1.28,0.5134,0.00175,322.8
134,7.0,1.32,0.5108,0.00249,325.3
135,0.0,1.31,0.5083,0.00222,327.6
136,5.0,1.36,0.5058,0.00682,330.0
137,1.0,1.37,0.5032,0.00331,332.4
138,3.0,1.41,0.5007,0.00454,334.9
139,3.0,1.45,0.4982,0.00798,337.2
140,5.0,1.49,0.4957,0.00826,339.8
141,0.0,1.49,0.4932,0.00147,342.2
142,5.0,1.54,0.4908,0.00386,344.7
143,3.0,1.57,0.4883,0.01016,347.3
144,2.0,1.57,0.4859,0.00142,349.9
145,10.0,1.68,0.4834,0.00125,352.5
146,8.0,1.76,0.481,0.00952,355.1
147,2.0,1.78,0.4786,0.00324,357.5
148,2.0,1.79,0.4762,0.00213,359.9
149,0.0,1.8,0.4738,0.00319,362.4
150,2.0,1.82,0.4715,0.00348,364.7
151,0.0,1.81,0.4691,0.00827,367.0
152,1.0,1.82,0.4668,0.0049,369.5
153,6.0,1.87,0.4644,0.00721,371.9
154,5.0,1.94,0.4621,0.00628,374.3
155,4.0,1.98,0.4598,0.00359,376.7
156,6.0,2.04,0.4575,0.00273,379.2
157,7.0,2.11,0.4552,0.00077,381.5
158,6.0,2.17,0.4529,0.00483,383.9
159,5.0,2.22,0.4507,0.00257,386.4
160,4.0,2.29,0.4484,0.0053,388.7
161,1.0,2.32,0.4462,0.00814,391.2
162,7.0,2.39,0.444,0.01585,393.7
163,4.0,2.44,0.4417,0.00116,396.1
164,2.0,2.47,0.4395,0.00641,398.6
165,11.0,2.56,0.4373,0.00502,401.0
166,1.0,2.55,0.4351,0.00371,403.3
167,1.0,2.54,0.433,0.00656,405.6
168,8.0,2.61,0.4308,0.0046,407.9
169,3.0,2.64,0.4286,0.00897,410.2
170,3.0,2.66,0.4265,0.0026,412.7
171,-2.0,2.64,0.4244,0.00392,415.2
172,0.0,2.6,0.4223,0.00266,417.5
173,3.0,2.62,0.4201,0.00985,419.8
174,8.0,2.69,0.418,0.00466,422.2
175,6.0,2.72,0.4159,0.00631,424.6
176,4.0,2.75,0.4139,0.0057,426.9
177,3.0,2.78,0.4118,0.00734,429.4
178,1.0,2.8,0.4097,0.01538,431.9
179,0.0,2.79,0.4077,0.00571,434.5
180,6.0,2.84,0.4057,0.00354,436.9
181,2.0,2.85,0.4036,0.00803,439.5
182,5.0,2.87,0.4016,0.00356,442.0
183,6.0,2.91,0.3996,0.00539,444.7
184,2.0,2.91,0.3976,0.00542,447.1
185,1.0,2.89,0.3956,0.00412,449.7
186,4.0,2.91,0.3936,0.01012,452.2
187,5.0,2.96,0.3917,0.00327,454.8
188,1.0,2.97,0.3897,0.00364,457.3
189,3.0,2.97,0.3878,0.0049,459.8
190,3.0,2.98,0.3858,0.00341,462.1
191,6.0,3.01,0.3839,0.00453,464.4
192,6.0,3.04,0.382,0.00503,466.7
193,2.0,3.06,0.3801,0.00447,469.0
194,2.0,3.05,0.3782,0.0031,471.7
195,5.0,3.09,0.3763,0.01798,474.3
196,5.0,3.12,0.3744,0.00849,477.1
197,0.0,3.12,0.3725,0.00367,479.8
198,5.0,3.14,0.3707,0.00313,482.2
199,11.0,3.23,0.3688,0.00478,484.8
200,2.0,3.23,0.367,0.00796,487.2
201,9.0,3.27,0.3651,0.00507,489.8
202,5.0,3.31,0.3633,0.006,492.3
203,2.0,3.34,0.3615,0.00496,494.8
204,2.0,3.35,0.3597,0.01091,497.2
205,6.0,3.41,0.3579,0.00904,499.7
206,4.0,3.45,0.3561,0.00663,502.1
207,7.0,3.48,0.3543,0.00662,504.7
208,5.0,3.51,0.3525,0.01044,507.1
209,7.0,3.53,0.3508,0.0046,509.5
210,3.0,3.55,0.349,0.00984,511.8
211,5.0,3.59,0.3473,0.00481,514.3
212,7.0,3.64,0.3455,0.00473,516.7
213,0.0,3.63,0.3438,0.01278,519.3
214,10.0,3.74,0.3421,0.0086,521.8
215,2.0,3.77,0.3404,0.00885,524.0
216,9.0,3.8,0.3387,0.00652,526.4
217,9.0,3.85,0.337,0.00791,528.8
218,5.0,3.85,0.3353,0.00386,531.2
219,5.0,3.87,0.3336,0.00908,533.7
220,3.0,3.88,0.332,0.01272,536.1
221,5.0,3.9,0.3303,0.01079,538.4
222,8.0,3.96,0.3286,0.0098,540.7
223,12.0,4.04,0.327,0.00901,543.3
224,7.0,4.02,0.3254,0.00609,545.6
225,11.0,4.14,0.3237,0.00952,547.9
226,8.0,4.2,0.3221,0.0113,550.2
227,7.0,4.26,0.3205,0.00313,552.4
228,7.0,4.35,0.3189,0.00743,554.8
229,7.0,4.41,0.3173,0.00798,557.2
230,9.0,4.48,0.3157,0.00646,559.7
231,8.0,4.52,0.3141,0.01141,561.9
232,7.0,4.54,0.3126,0.00981,564.4
233,3.0,4.52,0.311,0.00535,566.7
234,3.0,4.48,0.3095,0.0052,569.0
235,9.0,4.57,0.3079,0.00665,571.2
236,9.0,4.61,0.3064,0.00541,573.6
237,9.0,4.69,0.3048,0.02112,576.2
238,4.0,4.7,0.3033,0.01192,578.6
239,11.0,4.78,0.3018,0.00478,581.1
240,5.0,4.78,0.3003,0.01603,583.4
241,5.0,4.83,0.2988,0.01177,585.7
242,6.0,4.84,0.2973,0.00639,588.0
243,9.0,4.9,0.2958,0.00541,590.3
244,4.0,4.92,0.2943,0.00785,592.8
245,12.0,4.94,0.2929,0.00634,595.1
246,2.0,4.88,0.2914,0.0053,597.4
247,9.0,4.95,0.2899,0.00757,599.6
248,11.0,5.04,0.2885,0.00437,601.9
249,11.0,5.15,0.287,0.00386,604.2
250,6.0,5.19,0.2856,0.00606,606.7
251,10.0,5.29,0.2842,0.0234,609.3
252,12.0,5.4,0.2828,0.01013,611.7
253,5.0,5.39,0.2813,0.00292,614.1
254,9.0,5.43,0.2799,0.00397,616.5
255,6.0,5.45,0.2785,0.01632,619.0
256,5.0,5.44,0.2771,0.01223,621.3
257,7.0,5.44,0.2758,0.00776,623.7
258,8.0,5.46,0.2744,0.01407,626.0
259,7.0,5.48,0.273,0.01069,628.4
260,11.0,5.55,0.2716,0.01025,630.6
261,5.0,5.59,0.2703,0.00772,633.0
262,7.0,5.59,0.2689,0.01169,635.6
263,5.0,5.6,0.2676,0.00497,638.0
264,11.0,5.69,0.2663,0.01769,640.4
265,4.0,5.62,0.2649,0.00904,642.6
266,6.0,5.67,0.2636,0.01066,645.0
267,6.0,5.72,0.2623,0.00972,647.2
268,12.0,5.76,0.261,0.00681,649.7
269,2.0,5.75,0.2597,0.01311,652.5
270,6.0,5.78,0.2584,0.01076,655.1
271,10.0,5.9,0.2571,0.02029,657.5
272,1.0,5.91,0.2558,0.00535,660.1
273,12.0,6.0,0.2545,0.01672,662.7
274,12.0,6.04,0.2532,0.00721,665.3
275,10.0,6.08,0.252,0.01038,667.8
276,9.0,6.13,0.2507,0.01217,670.1
277,12.0,6.22,0.2495,0.0088,672.3
278,4.0,6.25,0.2482,0.00607,674.5
279,11.0,6.36,0.247,0.00485,676.9
280,7.0,6.37,0.2457,0.0083,679.3
281,8.0,6.43,0.2445,0.00599,681.5
282,11.0,6.49,0.2433,0.01028,683.9
283,10.0,6.53,0.2421,0.01139,686.3
284,5.0,6.56,0.2409,0.01025,688.7
285,12.0,6.67,0.2397,0.00822,691.1
286,8.0,6.71,0.2385,0.00976,693.6
287,7.0,6.73,0.2373,0.00621,696.4
288,6.0,6.78,0.2361,0.01014,698.9
289,8.0,6.83,0.2349,0.00918,701.2
290,6.0,6.86,0.2337,0.00264,703.6
291,9.0,6.89,0.2326,0.01401,706.0
292,6.0,6.89,0.2314,0.00785,708.3
293,12.0,6.99,0.2302,0.00703,710.6
294,6.0,7.03,0.2291,0.03611,713.3
295,6.0,7.04,0.2279,0.00605,715.8
296,4.0,7.03,0.2268,0.0151,718.1
297,9.0,7.12,0.2257,0.01695,720.5
298,5.0,7.12,0.2245,0.01317,722.8
299,6.0,7.07,0.2234,0.01046,725.2
300,5.0,7.1,0.2223,0.00663,727.6
301,9.0,7.1,0.2212,0.0289,730.0
302,9.0,7.14,0.2201,0.00842,732.3
303,9.0,7.21,0.219,0.02179,734.6
304,7.0,7.26,0.2179,0.00624,736.9
305,9.0,7.29,0.2168,0.00978,739.6
306,9.0,7.34,0.2157,0.01111,742.2
307,6.0,7.33,0.2146,0.01393,744.7
308,15.0,7.43,0.2136,0.01018,747.2
309,9.0,7.45,0.2125,0.00502,749.5
310,7.0,7.49,0.2114,0.02042,751.8
311,1.0,7.45,0.2104,0.01086,754.4
312,7.0,7.45,0.2093,0.00942,756.6
313,8.0,7.53,0.2083,0.00762,758.9
314,14.0,7.57,0.2072,0.0137,761.1
315,15.0,7.7,0.2062,0.00964,763.4
316,13.0,7.74,0.2052,0.0064,765.7
317,12.0,7.77,0.2041,0.00429,768.1
318,8.0,7.8,0.2031,0.00359,770.5
319,9.0,7.84,0.2021,0.01774,773.1
320,7.0,7.88,0.2011,0.00794,775.5
321,7.0,7.9,0.2001,0.00479,777.9
322,8.0,7.9,0.1991,0.00821,780.1
323,9.0,7.87,0.1981,0.01904,782.4
324,1.0,7.81,0.1971,0.00845,784.8
325,10.0,7.8,0.1961,0.01093,787.0
326,7.0,7.79,0.1951,0.02202,789.4
327,13.0,7.85,0.1942,0.00592,791.8
328,6.0,7.84,0.1932,0.00372,794.2
329,4.0,7.81,0.1922,0.00862,796.5
330,7.0,7.79,0.1913,0.00857,798.9
331,7.0,7.78,0.1903,0.00804,801.1
332,7.0,7.78,0.1893,0.01601,803.5
333,6.0,7.81,0.1884,0.00746,805.7
334,11.0,7.89,0.1875,0.00595,808.1
335,13.0,7.93,0.1865,0.01787,810.4
336,13.0,7.97,0.1856,0.006,812.8
337,8.0,7.96,0.1847,0.01228,815.2
338,11.0,8.03,0.1837,0.03211,817.5
339,10.0,8.02,0.1828,0.00802,820.0
340,11.0,8.08,0.1819,0.00593,822.4
341,11.0,8.14,0.181,0.00526,824.7
342,9.0,8.17,0.1801,0.00655,827.0
343,8.0,8.16,0.1792,0.01088,829.2
344,17.0,8.29,0.1783,0.0055,831.6
345,13.0,8.3,0.1774,0.0298,834.0
346,14.0,8.42,0.1765,0.02445,836.4
347,6.0,8.39,0.1756,0.02206,838.6
348,3.0,8.31,0.1748,0.01285,840.9
349,11.0,8.31,0.1739,0.01066,843.3
350,7.0,8.32,0.173,0.01698,845.7
351,5.0,8.27,0.1721,0.00633,848.2
352,3.0,8.18,0.1713,0.00499,850.5
353,5.0,8.18,0.1704,0.01224,852.8
354,9.0,8.18,0.1696,0.00769,855.0
355,8.0,8.2,0.1687,0.00561,857.2
356,11.0,8.26,0.1679,0.00702,859.6
357,6.0,8.25,0.167,0.0031,861.8
358,7.0,8.24,0.1662,0.00633,864.2
359,11.0,8.28,0.1654,0.00579,866.7
360,6.0,8.23,0.1646,0.01604,868.9
361,9.0,8.27,0.1637,0.01309,871.3
362,13.0,8.33,0.1629,0.00319,874.1
363,8.0,8.36,0.1621,0.03694,876.4
364,9.0,8.34,0.1613,0.01083,878.8
365,18.0,8.48,0.1605,0.0147,881.0
366,13.0,8.55,0.1597,0.00321,883.3
367,17.0,8.66,0.1589,0.0057,885.5
368,8.0,8.62,0.1581,0.00887,888.6
369,8.0,8.68,0.1573,0.00438,891.0
370,14.0,8.76,0.1565,0.00883,893.5
371,13.0,8.79,0.1557,0.0245,895.8
372,9.0,8.87,0.1549,0.00894,898.2
373,16.0,8.91,0.1542,0.01083,900.6
374,6.0,8.85,0.1534,0.00738,902.9
375,10.0,8.85,0.1526,0.00296,905.2
376,12.0,8.88,0.1519,0.00833,907.4
377,15.0,8.91,0.1511,0.00634,909.7
378,13.0,9.0,0.1504,0.00378,912.0
379,9.0,8.98,0.1496,0.00751,914.3
380,12.0,9.03,0.1489,0.03602,916.5
381,5.0,9.0,0.1481,0.01169,919.0
382,13.0,9.02,0.1474,0.01336,921.5
383,9.0,9.01,0.1466,0.00665,924.0
384,16.0,9.12,0.1459,0.03266,926.6
385,10.0,9.1,0.1452,0.00664,929.1
386,12.0,9.14,0.1444,0.00518,931.6
387,11.0,9.18,0.1437,0.01332,934.2
388,16.0,9.28,0.143,0.01544,936.8
389,11.0,9.31,0.1423,0.00754,939.3
390,11.0,9.36,0.1416,0.0078,941.8
391,8.0,9.35,0.1409,0.01126,944.1
392,9.0,9.38,0.1402,0.00386,946.4
393,12.0,9.38,0.1395,0.00656,948.8
394,15.0,9.47,0.1388,0.03378,951.4
395,8.0,9.49,0.1381,0.00646,954.0
396,10.0,9.55,0.1374,0.00555,956.6
397,13.0,9.59,0.1367,0.00607,959.1
398,12.0,9.66,0.136,0.02045,961.5
399,13.0,9.73,0.1353,0.01537,964.0
400,10.0,9.78,0.1347,0.01677,966.6
401,11.0,9.8,0.134,0.03106,969.1
402,15.0,9.86,0.1333,0.00809,971.5
403,15.0,9.92,0.1326,0.02077,973.9
404,14.0,9.99,0.132,0.00542,976.4
405,7.0,9.97,0.1313,0.02248,979.0
406,11.0,9.99,0.1307,0.01284,981.6
407,12.0,10.05,0.13,0.00843,984.2
408,8.0,9.98,0.1294,0.0048,986.6
409,9.0,9.98,0.1287,0.01581,989.1
410,7.0,9.98,0.1281,0.00704,991.7
411,9.0,10.06,0.1274,0.00504,994.4
412,10.0,10.09,0.1268,0.0065,997.0
413,17.0,10.18,0.1262,0.00412,999.4
414,11.0,10.15,0.1255,0.02827,1001.8
415,17.0,10.17,0.1249,0.01698,1004.4
416,13.0,10.17,0.1243,0.00842,1006.9
417,10.0,10.15,0.1237,0.01263,1009.2
418,7.0,10.14,0.123,0.01456,1011.8
419,5.0,10.1,0.1224,0.00545,1014.3
420,13.0,10.16,0.1218,0.01118,1016.9
421,12.0,10.21,0.1212,0.02076,1019.3
422,18.0,10.31,0.1206,0.01171,1021.7
423,12.0,10.34,0.12,0.00819,1024.3
424,20.0,10.53,0.1194,0.01418,1026.7
425,15.0,10.58,0.1188,0.0085,1029.1
426,7.0,10.58,0.1182,0.03555,1031.9
427,13.0,10.58,0.1176,0.00476,1034.4
428,9.0,10.61,0.117,0.01034,1036.8
429,11.0,10.68,0.1164,0.01151,1039.2
430,14.0,10.75,0.1159,0.0091,1041.6
431,14.0,10.82,0.1153,0.00429,1044.1
432,17.0,10.92,0.1147,0.01325,1046.6
433,14.0,11.0,0.1141,0.00417,1049.0
434,10.0,10.99,0.1136,0.0028,1051.5
435,12.0,10.98,0.113,0.01355,1054.2
436,9.0,10.94,0.1124,0.00659,1056.9
437,14.0,11.0,0.1119,0.00816,1059.5
438,11.0,11.0,0.1113,0.00936,1062.1
439,18.0,11.08,0.1107,0.00478,1064.7
440,15.0,11.12,0.1102,0.00744,1067.2
441,12.0,11.13,0.1096,0.01651,1069.7
442,15.0,11.19,0.1091,0.02477,1072.3
443,6.0,11.17,0.1085,0.02075,1075.0
444,14.0,11.14,0.108,0.00831,1077.4
445,6.0,11.07,0.1075,0.00748,1079.7
446,5.0,10.98,0.1069,0.01916,1081.9
447,18.0,11.1,0.1064,0.00791,1084.5
448,14.0,11.21,0.1059,0.00989,1086.8
449,16.0,11.26,0.1053,0.00837,1089.3
450,11.0,11.3,0.1048,0.03042,1091.6
451,11.0,11.36,0.1043,0.00419,1094.0
452,14.0,11.47,0.1038,0.00775,1096.3
453,12.0,11.54,0.1032,0.01151,1098.8
454,13.0,11.58,0.1027,0.00634,1101.1
455,19.0,11.69,0.1022,0.01795,1103.6
456,13.0,11.71,0.1017,0.00536,1105.8
457,15.0,11.8,0.1012,0.01923,1108.3
458,11.0,11.84,0.1007,0.00938,1110.9
459,17.0,11.9,0.1002,0.00737,1113.5
460,13.0,11.97,0.0997,0.02335,1115.9
461,14.0,12.02,0.0992,0.01742,1118.3
462,16.0,12.05,0.0987,0.00517,1120.6
463,10.0,12.07,0.0982,0.01221,1122.9
464,9.0,12.07,0.0977,0.02113,1125.2
465,12.0,12.01,0.0972,0.00774,1127.5
466,15.0,12.03,0.0967,0.00577,1129.9
467,14.0,12.0,0.0962,0.00559,1132.4
468,15.0,12.07,0.0958,0.00639,1135.3
469,11.0,12.1,0.0953,0.00667,1138.3
470,21.0,12.17,0.0948,0.00702,1141.0
471,18.0,12.22,0.0943,0.00827,1143.6
472,10.0,12.23,0.0939,0.00758,1145.9
473,12.0,12.19,0.0934,0.00768,1148.3
474,8.0,12.21,0.0929,0.00746,1150.9
475,13.0,12.24,0.0925,0.02633,1153.3
476,17.0,12.29,0.092,0.01682,1155.7
477,13.0,12.27,0.0915,0.0063,1158.3
478,10.0,12.24,0.0911,0.00842,1160.7
479,17.0,12.32,0.0906,0.02118,1163.3
480,15.0,12.35,0.0902,0.0084,1166.3
481,14.0,12.44,0.0897,0.02833,1168.7
482,14.0,12.45,0.0893,0.00728,1171.2
483,9.0,12.45,0.0888,0.00583,1173.8
484,18.0,12.47,0.0884,0.01746,1176.4
485,15.0,12.52,0.0879,0.00911,1179.1
486,13.0,12.53,0.0875,0.00513,1181.6
487,13.0,12.55,0.0871,0.00617,1184.3
488,16.0,12.55,0.0866,0.02278,1186.9
489,18.0,12.62,0.0862,0.03865,1189.7
490,16.0,12.67,0.0858,0.01545,1192.4
491,14.0,12.73,0.0853,0.02488,1195.2
492,17.0,12.81,0.0849,0.0329,1197.9
493,13.0,12.82,0.0845,0.02503,1200.8
494,9.0,12.76,0.0841,0.00731,1203.5
495,14.0,12.82,0.0836,0.02173,1206.2
496,18.0,12.9,0.0832,0.01384,1208.8
497,14.0,12.91,0.0828,0.06335,1211.3
498,10.0,12.89,0.0824,0.01974,1213.6
499,12.0,12.88,0.082,0.01345,1216.1
500,13.0,12.91,0.0816,0.00549,1218.6
501,20.0,13.0,0.0812,0.01073,1220.9
502,15.0,13.0,0.0808,0.0309,1223.3
503,15.0,13.0,0.0804,0.01115,1225.9
504,10.0,12.96,0.08,0.00646,1228.2
505,20.0,13.09,0.0796,0.0069,1230.5
506,12.0,13.1,0.0792,0.00859,1233.0
507,12.0,13.1,0.0788,0.0181,1235.6
508,10.0,13.12,0.0784,0.01568,1238.0
509,18.0,13.21,0.078,0.00552,1240.2
510,7.0,13.21,0.0776,0.00703,1242.7
511,9.0,13.21,0.0772,0.01132,1245.2
512,11.0,13.22,0.0768,0.01806,1247.7
513,15.0,13.2,0.0764,0.03212,1250.2
514,15.0,13.24,0.076,0.00691,1252.7
515,12.0,13.19,0.0757,0.00782,1255.3
516,12.0,13.18,0.0753,0.00713,1257.7
517,15.0,13.23,0.0749,0.01144,1260.0
518,14.0,13.3,0.0745,0.01547,1262.3
519,13.0,13.38,0.0742,0.00563,1264.7
520,17.0,13.42,0.0738,0.00479,1267.1
521,9.0,13.39,0.0734,0.01198,1269.8
522,9.0,13.3,0.0731,0.01282,1272.5
523,24.0,13.42,0.0727,0.01009,1274.9
524,17.0,13.39,0.0723,0.0209,1277.3
525,16.0,13.4,0.072,0.0186,1279.7
526,15.0,13.48,0.0716,0.00869,1282.0
527,8.0,13.43,0.0712,0.01186,1284.3
528,11.0,13.45,0.0709,0.00502,1286.8
529,14.0,13.48,0.0705,0.01378,1289.3
530,20.0,13.54,0.0702,0.02219,1291.8
531,15.0,13.55,0.0698,0.01223,1294.4
532,18.0,13.56,0.0695,0.00712,1297.0
533,13.0,13.55,0.0691,0.00553,1299.6
534,10.0,13.55,0.0688,0.01241,1302.0
535,18.0,13.61,0.0684,0.00602,1304.2
536,13.0,13.65,0.0681,0.02068,1306.6
537,19.0,13.7,0.0678,0.00564,1309.2
538,19.0,13.78,0.0674,0.00702,1311.7
539,12.0,13.72,0.0671,0.00902,1314.3
540,16.0,13.73,0.0668,0.00456,1316.7
541,15.0,13.76,0.0664,0.01291,1319.4
542,10.0,13.71,0.0661,0.00899,1321.8
543,15.0,13.8,0.0658,0.01317,1324.3
544,16.0,13.82,0.0654,0.01207,1326.8
545,9.0,13.85,0.0651,0.0061,1329.2
546,16.0,13.96,0.0648,0.00762,1331.6
547,14.0,13.92,0.0645,0.02108,1334.1
548,9.0,13.87,0.0641,0.02513,1336.6
549,17.0,13.88,0.0638,0.00458,1339.0
550,9.0,13.86,0.0635,0.01208,1341.3
551,13.0,13.88,0.0632,0.04473,1343.8
552,8.0,13.82,0.0629,0.00535,1346.4
553,17.0,13.87,0.0625,0.01222,1349.1
554,7.0,13.81,0.0622,0.02477,1351.5
555,18.0,13.8,0.0619,0.00377,1354.1
556,23.0,13.9,0.0616,0.01986,1356.5
557,14.0,13.89,0.0613,0.02276,1359.1
558,11.0,13.89,0.061,0.01414,1361.6
559,16.0,13.88,0.0607,0.00948,1364.1
560,11.0,13.86,0.0604,0.00992,1366.3
561,18.0,13.9,0.0601,0.01458,1368.7
562,13.0,13.87,0.0598,0.00813,1371.0
563,20.0,13.97,0.0595,0.0339,1373.7
564,15.0,14.03,0.0592,0.00667,1376.2
565,21.0,14.12,0.0589,0.00622,1378.6
566,18.0,14.15,0.0586,0.0427,1381.0
567,14.0,14.15,0.0583,0.00366,1383.4
568,12.0,14.12,0.058,0.01257,1385.8
569,11.0,14.12,0.0577,0.01182,1388.2
570,7.0,13.98,0.0574,0.01384,1390.6
571,9.0,13.89,0.0571,0.0656,1392.8
572,9.0,13.88,0.0569,0.00797,1395.2
573,10.0,13.86,0.0566,0.00671,1397.4
574,19.0,13.97,0.0563,0.00323,1399.9
575,13.0,13.97,0.056,0.03723,1402.3
576,20.0,14.0,0.0557,0.01009,1405.1
577,14.0,14.01,0.0555,0.03802,1407.9
578,14.0,14.05,0.0552,0.01256,1410.3
579,20.0,14.08,0.0549,0.00496,1412.8
580,11.0,14.04,0.0546,0.00616,1415.4
581,21.0,14.11,0.0544,0.00847,1418.0
582,10.0,14.07,0.0541,0.01435,1420.6
583,6.0,14.04,0.0538,0.02798,1423.0
584,6.0,13.92,0.0535,0.04358,1425.5
585,16.0,13.93,0.0533,0.00518,1428.1
586,15.0,13.95,0.053,0.01156,1430.4
587,18.0,14.0,0.0527,0.01963,1432.8
588,12.0,13.96,0.0525,0.00662,1435.4
589,5.0,13.83,0.0522,0.01448,1438.3
590,12.0,13.79,0.052,0.02425,1440.7
591,13.0,13.78,0.0517,0.05132,1443.2
592,15.0,13.76,0.0514,0.00365,1445.7
593,18.0,13.81,0.0512,0.01036,1448.2
594,13.0,13.85,0.0509,0.01008,1450.8
595,17.0,13.88,0.0507,0.01248,1453.3
596,18.0,13.88,0.0504,0.02268,1455.7
597,13.0,13.87,0.0502,0.01008,1458.1
598,21.0,13.98,0.0499,0.00564,1460.6
599,17.0,14.03,0.0497,0.02365,1463.0
600,19.0,14.09,0.0494,0.03345,1465.4
601,8.0,13.97,0.0492,0.0216,1467.9
602,18.0,14.0,0.0489,0.01135,1470.2
603,14.0,13.99,0.0487,0.0436,1472.6
604,10.0,13.99,0.0484,0.02679,1475.0
605,11.0,13.9,0.0482,0.01171,1477.5
606,11.0,13.89,0.0479,0.01902,1480.0
607,12.0,13.89,0.0477,0.01856,1482.5
608,10.0,13.89,0.0475,0.0067,1484.9
609,15.0,13.86,0.0472,0.02973,1487.8
610,8.0,13.87,0.047,0.00652,1490.2
611,17.0,13.95,0.0468,0.00352,1492.7
612,12.0,13.96,0.0465,0.003,1495.2
613,19.0,14.0,0.0463,0.01751,1497.5
614,14.0,13.99,0.0461,0.02954,1499.8
615,15.0,14.02,0.0458,0.00956,1502.2
616,16.0,14.06,0.0456,0.00336,1504.5
617,13.0,14.04,0.0454,0.00617,1506.9
618,11.0,14.01,0.0452,0.02487,1509.4
619,12.0,14.0,0.0449,0.00404,1511.8
620,8.0,13.91,0.0447,0.01472,1514.2
621,7.0,13.89,0.0445,0.00964,1516.4
622,13.0,13.93,0.0443,0.01557,1518.9
623,14.0,13.83,0.044,0.00541,1521.3
624,10.0,13.76,0.0438,0.02106,1523.7
625,16.0,13.76,0.0436,0.00505,1526.0
626,10.0,13.71,0.0434,0.02042,1528.5
627,9.0,13.72,0.0432,0.01699,1530.9
628,15.0,13.76,0.0429,0.00888,1533.7
629,16.0,13.78,0.0427,0.01319,1536.1
630,10.0,13.68,0.0425,0.01257,1538.5
631,11.0,13.64,0.0423,0.01426,1540.7
632,11.0,13.57,0.0421,0.0329,1543.0
633,19.0,13.63,0.0419,0.03868,1545.3
634,17.0,13.7,0.0417,0.03985,1547.5
635,17.0,13.69,0.0415,0.01706,1550.0
636,4.0,13.6,0.0413,0.01348,1552.7
637,8.0,13.49,0.041,0.00685,1555.3
638,20.0,13.5,0.0408,0.00686,1557.9
639,17.0,13.55,0.0406,0.01069,1560.5
640,10.0,13.49,0.0404,0.01836,1563.0
641,20.0,13.54,0.0402,0.00583,1565.5
642,16.0,13.6,0.04,0.00913,1568.0
643,16.0,13.61,0.0398,0.00407,1570.6
644,9.0,13.54,0.0396,0.03197,1572.7
645,24.0,13.69,0.0394,0.00643,1575.1
646,16.0,13.69,0.0392,0.01666,1578.0
647,18.0,13.73,0.039,0.01759,1580.6
648,13.0,13.77,0.0388,0.00688,1583.3
649,22.0,13.82,0.0387,0.01888,1585.9
650,14.0,13.87,0.0385,0.02354,1588.7
651,12.0,13.86,0.0383,0.00819,1591.0
652,15.0,13.93,0.0381,0.01635,1593.8
653,9.0,13.85,0.0379,0.0045,1596.4
654,12.0,13.9,0.0377,0.0033,1599.0
655,11.0,13.83,0.0375,0.0123,1601.5
656,17.0,13.77,0.0373,0.00508,1604.0
657,7.0,13.7,0.0371,0.03332,1606.4
658,21.0,13.8,0.0369,0.05275,1608.9
659,14.0,13.78,0.0368,0.00533,1611.7
660,14.0,13.81,0.0366,0.01788,1614.3
661,7.0,13.7,0.0364,0.01939,1616.8
662,13.0,13.7,0.0362,0.00658,1619.2
663,9.0,13.59,0.036,0.00336,1621.5
664,16.0,13.6,0.0359,0.0093,1623.9
665,13.0,13.52,0.0357,0.01302,1626.3
666,12.0,13.46,0.0355,0.0256,1628.8
667,14.0,13.46,0.0353,0.01679,1631.1
668,12.0,13.46,0.0351,0.00681,1633.7
669,11.0,13.46,0.035,0.04065,1636.0
670,9.0,13.48,0.0348,0.00571,1638.5
671,14.0,13.53,0.0346,0.00748,1640.9
672,14.0,13.58,0.0344,0.07477,1643.3
673,9.0,13.57,0.0343,0.0132,1645.7
674,13.0,13.51,0.0341,0.01254,1648.0
675,12.0,13.5,0.0339,0.0443,1650.5
676,14.0,13.44,0.0338,0.00301,1653.0
677,19.0,13.49,0.0336,0.00844,1655.5
678,17.0,13.52,0.0334,0.00913,1658.1
679,17.0,13.49,0.0333,0.00693,1660.6
680,16.0,13.54,0.0331,0.0471,1663.0
681,11.0,13.44,0.0329,0.00327,1665.6
682,20.0,13.54,0.0328,0.01506,1668.1
683,20.0,13.68,0.0326,0.01566,1670.5
684,15.0,13.77,0.0324,0.0069,1673.1
685,14.0,13.75,0.0323,0.04812,1675.7
686,9.0,13.69,0.0321,0.01066,1678.2
687,13.0,13.64,0.0319,0.01413,1680.5
688,19.0,13.71,0.0318,0.01442,1682.8
689,20.0,13.86,0.0316,0.02595,1685.2
690,14.0,13.88,0.0315,0.02038,1687.5
691,17.0,13.92,0.0313,0.00452,1690.1
692,15.0,13.92,0.0312,0.0113,1692.6
693,16.0,13.9,0.031,0.00586,1694.9
694,17.0,13.94,0.0308,0.01736,1697.4
695,22.0,13.99,0.0307,0.00801,1699.8
696,12.0,13.93,0.0305,0.00458,1702.1
697,18.0,13.98,0.0304,0.00255,1704.6
698,20.0,13.97,0.0302,0.01031,1706.9
699,5.0,13.85,0.0301,0.00374,1709.6
700,20.0,13.86,0.0299,0.02843,1711.9
701,16.0,13.94,0.0298,0.0186,1714.4
702,16.0,13.92,0.0296,0.01949,1716.8
703,18.0,13.96,0.0295,0.00856,1719.3
704,16.0,14.02,0.0293,0.01077,1721.7
705,11.0,14.02,0.0292,0.00757,1724.1
706,9.0,14.0,0.029,0.00545,1726.4
707,14.0,14.02,0.0289,0.01357,1728.8
708,19.0,14.11,0.0288,0.04392,1731.1
709,14.0,14.1,0.0286,0.00946,1733.5
710,14.0,14.16,0.0285,0.00328,1736.0
711,7.0,14.06,0.0283,0.0378,1738.3
712,17.0,14.11,0.0282,0.00612,1740.7
713,18.0,14.1,0.028,0.01617,1743.1
714,20.0,14.16,0.0279,0.04259,1745.6
715,17.0,14.18,0.0278,0.00638,1748.1
716,15.0,14.17,0.0276,0.00668,1750.5
717,12.0,14.16,0.0275,0.00773,1752.8
718,9.0,14.14,0.0274,0.01293,1755.1
719,11.0,14.13,0.0272,0.0064,1757.3
720,15.0,14.2,0.0271,0.02923,1759.7
721,13.0,14.26,0.0269,0.01817,1761.9
722,13.0,14.26,0.0268,0.01351,1764.4
723,13.0,14.25,0.0267,0.00409,1766.7
724,15.0,14.3,0.0265,0.03279,1769.1
725,13.0,14.27,0.0264,0.00634,1771.6
726,18.0,14.35,0.0263,0.00958,1774.3
727,9.0,14.35,0.0261,0.02639,1776.9
728,23.0,14.43,0.026,0.0249,1779.4
729,20.0,14.47,0.0259,0.01399,1781.8
730,18.0,14.55,0.0258,0.00886,1784.2
731,14.0,14.58,0.0256,0.01669,1786.5
732,20.0,14.67,0.0255,0.0177,1789.0
733,13.0,14.61,0.0254,0.0388,1791.5
734,19.0,14.63,0.0252,0.01132,1794.1
735,9.0,14.55,0.0251,0.00408,1796.6
736,18.0,14.69,0.025,0.01529,1799.1
737,13.0,14.74,0.0249,0.00602,1801.5
738,13.0,14.67,0.0247,0.01855,1803.9
739,12.0,14.62,0.0246,0.01064,1806.2
740,12.0,14.64,0.0245,0.02877,1808.7
741,18.0,14.62,0.0244,0.01434,1811.2
742,10.0,14.56,0.0243,0.00769,1813.5
743,11.0,14.51,0.0241,0.03969,1816.6
744,13.0,14.55,0.024,0.013,1819.7
745,15.0,14.46,0.0239,0.0353,1822.8
746,17.0,14.47,0.0238,0.02117,1825.6
747,12.0,14.41,0.0237,0.0081,1828.2
748,15.0,14.43,0.0235,0.01963,1830.9
749,16.0,14.37,0.0234,0.00453,1833.6
750,18.0,14.41,0.0233,0.04501,1836.4
751,8.0,14.37,0.0232,0.00891,1839.5
752,16.0,14.38,0.0231,0.00634,1842.2
753,19.0,14.48,0.0229,0.01257,1844.8
754,22.0,14.58,0.0228,0.01421,1847.3
755,14.0,14.61,0.0227,0.01727,1849.8
756,13.0,14.57,0.0226,0.01574,1852.4
757,15.0,14.65,0.0225,0.01107,1855.1
758,24.0,14.68,0.0224,0.00498,1857.7
759,16.0,14.7,0.0223,0.01527,1860.1
760,11.0,14.67,0.0222,0.01061,1862.6
761,16.0,14.76,0.022,0.00623,1865.2
762,16.0,14.79,0.0219,0.00922,1867.4
763,14.0,14.84,0.0218,0.01484,1869.9
764,10.0,14.78,0.0217,0.00431,1872.2
765,15.0,14.8,0.0216,0.04249,1874.4
766,16.0,14.84,0.0215,0.04365,1876.9
767,10.0,14.8,0.0214,0.01095,1879.5
768,12.0,14.8,0.0213,0.00673,1881.9
769,17.0,14.86,0.0212,0.0048,1884.9
770,16.0,14.93,0.0211,0.05059,1887.7
771,15.0,14.94,0.021,0.02039,1890.4
772,18.0,14.98,0.0209,0.01436,1893.2
773,14.0,15.03,0.0208,0.01751,1895.7
774,17.0,15.07,0.0207,0.01137,1898.1
775,13.0,15.08,0.0206,0.00707,1900.8
776,17.0,15.11,0.0205,0.01028,1903.3
777,20.0,15.12,0.0203,0.01836,1905.8
778,1.0,14.96,0.0202,0.03069,1908.1
779,8.0,14.87,0.0201,0.00975,1910.4
780,15.0,14.86,0.02,0.00425,1912.9
781,9.0,14.84,0.0199,0.01097,1915.4
782,14.0,14.78,0.0198,0.01109,1917.7
783,17.0,14.75,0.0197,0.02251,1920.1
784,12.0,14.72,0.0196,0.04056,1922.4
785,13.0,14.71,0.0195,0.0281,1924.8
786,15.0,14.77,0.0195,0.00989,1927.1
787,15.0,14.79,0.0194,0.01005,1929.6
788,19.0,14.79,0.0193,0.01767,1932.0
789,16.0,14.75,0.0192,0.01253,1934.4
790,19.0,14.8,0.0191,0.00374,1936.7
791,14.0,14.77,0.019,0.01059,1939.5
792,5.0,14.67,0.0189,0.01484,1942.0
793,13.0,14.64,0.0188,0.012,1944.5
794,21.0,14.68,0.0187,0.01352,1946.8
795,9.0,14.55,0.0186,0.0276,1949.2
796,15.0,14.58,0.0185,0.02366,1951.6
797,12.0,14.52,0.0184,0.02329,1954.2
798,17.0,14.49,0.0183,0.01107,1956.7
799,15.0,14.59,0.0182,0.02802,1959.3
800,10.0,14.49,0.0181,0.00918,1961.7
801,14.0,14.47,0.018,0.00613,1964.0
802,21.0,14.52,0.018,0.01306,1966.4
803,16.0,14.5,0.0179,0.01395,1968.6
804,19.0,14.53,0.0178,0.02034,1971.0
805,12.0,14.54,0.0177,0.01216,1973.4
806,20.0,14.65,0.0176,0.01102,1975.5
807,15.0,14.66,0.0175,0.00848,1977.7
808,17.0,14.64,0.0174,0.0168,1979.8
809,16.0,14.66,0.0173,0.00654,1982.2
810,14.0,14.66,0.0172,0.04893,1984.6
811,18.0,14.77,0.0172,0.01811,1986.9
812,15.0,14.75,0.0171,0.01242,1989.4
813,21.0,14.78,0.017,0.01792,1991.6
814,10.0,14.68,0.0169,0.01205,1993.9
815,11.0,14.62,0.0168,0.01022,1996.3
816,15.0,14.62,0.0167,0.0214,1998.8
817,6.0,14.56,0.0167,0.01612,2001.1
818,10.0,14.57,0.0166,0.00512,2003.4
819,18.0,14.64,0.0165,0.01375,2005.6
820,16.0,14.65,0.0164,0.02845,2008.0
821,16.0,14.68,0.0163,0.00597,2010.3
822,19.0,14.74,0.0162,0.00932,2012.8
823,16.0,14.77,0.0162,0.0163,2015.2
824,19.0,14.81,0.0161,0.01653,2017.6
825,12.0,14.8,0.016,0.01305,2019.9
826,10.0,14.72,0.0159,0.01672,2022.3
827,16.0,14.79,0.0158,0.00578,2024.6
828,17.0,14.73,0.0158,0.01276,2027.0
829,6.0,14.59,0.0157,0.0315,2029.6
830,11.0,14.52,0.0156,0.00683,2032.0
831,11.0,14.49,0.0155,0.00896,2034.5
832,14.0,14.43,0.0154,0.01579,2037.0
833,24.0,14.54,0.0154,0.05456,2039.4
834,13.0,14.48,0.0153,0.00709,2041.6
835,20.0,14.59,0.0152,0.08438,2044.1
836,17.0,14.58,0.0151,0.03194,2046.4
837,20.0,14.65,0.0151,0.00763,2048.8
838,16.0,14.68,0.015,0.01464,2051.1
839,9.0,14.65,0.0149,0.01704,2053.5
840,15.0,14.68,0.0148,0.06866,2055.8
841,11.0,14.61,0.0148,0.00418,2058.2
842,5.0,14.56,0.0147,0.00971,2060.5
843,7.0,14.52,0.0146,0.01483,2063.0
844,15.0,14.54,0.0145,0.02707,2065.6
845,13.0,14.52,0.0145,0.02186,2067.9
846,11.0,14.46,0.0144,0.00392,2070.3
847,14.0,14.48,0.0143,0.01109,2072.9
848,10.0,14.43,0.0143,0.00535,2075.4
849,18.0,14.45,0.0142,0.02125,2077.8
850,12.0,14.39,0.0141,0.04711,2080.2
851,15.0,14.46,0.014,0.00232,2082.6
852,18.0,14.48,0.014,0.01318,2084.9
853,15.0,14.44,0.0139,0.03234,2087.9
854,17.0,14.39,0.0138,0.0159,2090.3
855,14.0,14.39,0.0138,0.0078,2092.9
856,18.0,14.44,0.0137,0.05067,2095.6
857,22.0,14.51,0.0136,0.01155,2098.0
858,18.0,14.45,0.0136,0.03548,2100.5
859,15.0,14.44,0.0135,0.00903,2102.9
860,20.0,14.53,0.0134,0.01233,2105.3
861,18.0,14.55,0.0134,0.00557,2107.5
862,18.0,14.57,0.0133,0.00915,2109.8
863,11.0,14.54,0.0132,0.01156,2112.0
864,18.0,14.62,0.0132,0.00914,2114.3
865,15.0,14.62,0.0131,0.00597,2116.7
866,18.0,14.64,0.013,0.03324,2119.2
867,15.0,14.69,0.013,0.01119,2121.7
868,20.0,14.77,0.0129,0.00791,2124.0
869,18.0,14.78,0.0128,0.01774,2126.4
870,18.0,14.8,0.0128,0.01153,2128.7
871,21.0,14.86,0.0127,0.01555,2131.1
872,20.0,14.88,0.0126,0.00937,2133.6
873,8.0,14.82,0.0126,0.01534,2135.9
874,14.0,14.79,0.0125,0.01076,2138.3
875,16.0,14.82,0.0125,0.01087,2140.7
876,15.0,14.8,0.0124,0.00881,2143.1
877,22.0,14.82,0.0123,0.0041,2145.5
878,17.0,14.98,0.0123,0.05042,2147.8
879,16.0,15.06,0.0122,0.01343,2150.1
880,12.0,15.03,0.0121,0.00765,2152.6
881,20.0,15.14,0.0121,0.00537,2154.9
882,9.0,15.09,0.012,0.00672,2157.4
883,20.0,15.12,0.012,0.01196,2159.7
884,11.0,15.11,0.0119,0.0538,2162.0
885,21.0,15.19,0.0118,0.00366,2164.5
886,15.0,15.19,0.0118,0.00538,2167.0
887,10.0,15.14,0.0117,0.01085,2169.6
888,17.0,15.12,0.0117,0.06305,2172.0
889,11.0,15.07,0.0116,0.00618,2174.3
890,17.0,15.05,0.0115,0.01291,2176.5
891,10.0,15.01,0.0115,0.00306,2178.9
892,14.0,15.1,0.0114,0.01706,2181.2
893,19.0,15.16,0.0114,0.0063,2183.6
894,15.0,15.1,0.0113,0.01348,2185.9
895,17.0,15.18,0.0113,0.01808,2188.2
896,11.0,15.14,0.0112,0.0523,2190.6
897,16.0,15.18,0.0112,0.00636,2193.3
898,15.0,15.16,0.0111,0.00807,2196.0
899,14.0,15.15,0.011,0.00871,2198.6
900,19.0,15.24,0.011,0.01676,2201.1
